id,product_id,product_name,product_image_file_name,product_price,quantity,order_id,created_at,created_by,updated_at,updated_by,deleted_at,deleted_by,is_deleted
026dd477-2fcd-4745-8621-667d95b29ded,67c82fe7-2cfb-441e-944e-f388e34df263,Iman,product_1762395584167236200.jpg,200000,2,d4fbfaf5-14e9-475e-80fe-b53f60332229,2025-11-26 07:47:10.784935+00,nulla in,,,,,false
0b1d2f13-53d9-46d7-a0f3-c39ec1962e31,67c82fe7-2cfb-441e-944e-f388e34df263,Iman,product_1762395584167236200.jpg,200000,34,add1bd8b-d4b2-4074-b176-8b662d415151,2025-11-13 07:27:44.631732+00,nulla in,,,,,false
10946b9c-cd63-458f-81b3-3e8f789a389e,661a9118-3110-4fb2-8b8a-a35ccc1ab828,Kursi Ergonomis,product_1761539872611382200.jpg,100000,1,982a0bda-1f6d-4cb5-b6ce-788052e950ce,2025-11-30 06:57:07.835815+00,nulla in,,,,,false
12244b89-d506-4140-bfec-f359957ada35,67c82fe7-2cfb-441e-944e-f388e34df263,Iman,product_1762395584167236200.jpg,200000,3,d29073f6-63a7-4f85-85bf-97b3165cdbce,2025-11-18 06:24:05.389572+00,nulla in,,,,,false
1ce467d9-1577-49c7-b7a6-4fc53473fea2,661a9118-3110-4fb2-8b8a-a35ccc1ab828,Kursi Ergonomis,product_1761539872611382200.jpg,100000,1,05bb317c-3987-4eeb-a8c5-72fdf91a6cb3,2025-11-18 04:16:55.319727+00,nulla in,,,,,false
1e6a798e-1eba-401b-bf6d-d035cd68b0c8,661a9118-3110-4fb2-8b8a-a35ccc1ab828,Kursi Ergonomis,product_1761539872611382200.jpg,100000,1,e6727604-6e03-43af-8524-7bb7b1598561,2025-11-30 06:56:15.045005+00,nulla in,,,,,false
283c05e6-6d3c-4274-9514-3ab6f320bd2d,67c82fe7-2cfb-441e-944e-f388e34df263,Iman,product_1762395584167236200.jpg,200000,1,12ada5d3-c526-40f4-8d42-70db391c1bbd,2025-11-29 15:24:49.559031+00,nulla in,,,,,false
361ddda5-577b-43e3-8f2d-2fc7e174c3f9,661a9118-3110-4fb2-8b8a-a35ccc1ab828,Kursi Ergonomis,product_1761539872611382200.jpg,100000,1,3e6948ea-31ab-4586-af7e-6a7e631dc06d,2025-11-18 04:10:37.396725+00,nulla in,,,,,false
3a3de3c2-a8ba-461c-80b1-a897574425ee,67c82fe7-2cfb-441e-944e-f388e34df263,Iman,product_1762395584167236200.jpg,200000,34,69809c1c-e317-4dd7-bd01-2634a1d346cc,2025-11-16 14:36:53.803042+00,nulla in,,,,,false
422de287-6f74-4842-a9d6-8d2fbf96c754,661a9118-3110-4fb2-8b8a-a35ccc1ab828,Kursi Ergonomis,product_1761539872611382200.jpg,100000,19,03103a92-e2a0-4ce9-b422-e3aaa66aa418,2025-11-13 07:12:54.228045+00,nulla in,,,,,false
46e26a37-5e25-4313-b32d-276357866ca0,67c82fe7-2cfb-441e-944e-f388e34df263,Iman,product_1762395584167236200.jpg,200000,3,cc54bac1-11d2-4a2a-8662-429d010a7fc9,2025-11-18 03:56:20.059856+00,nulla in,,,,,false
46f9a2f9-be57-4c32-bbe5-f90e738b0d10,67c82fe7-2cfb-441e-944e-f388e34df263,Iman,product_1762395584167236200.jpg,200000,34,9f568b75-34b9-43ad-8eff-b3a35cd4c258,2025-11-16 14:45:44.616697+00,nulla in,,,,,false
481c705f-148d-43d4-b18f-6707685c780f,67c82fe7-2cfb-441e-944e-f388e34df263,Iman,product_1762395584167236200.jpg,200000,3,48d0075d-c4a6-4ac1-b70d-e656a78b1cbe,2025-11-18 04:04:59.62379+00,nulla in,,,,,false
4a4ca221-4899-4b43-a1bb-8a8e39f77f00,67c82fe7-2cfb-441e-944e-f388e34df263,Iman,product_1762395584167236200.jpg,200000,3,e1d31bc6-9fb1-4918-99d3-e0e6b96fc553,2025-11-18 06:49:10.380954+00,nulla in,,,,,false
50da83b3-54c9-410e-8752-be76b7270a25,661a9118-3110-4fb2-8b8a-a35ccc1ab828,Kursi Ergonomis,product_1761539872611382200.jpg,100000,1,bb2b55ad-4fc2-428c-ac07-900bab92ae75,2025-11-17 06:49:14.286471+00,nulla in,,,,,false
579a00f3-68a2-4306-8fb5-dedb07da92e8,661a9118-3110-4fb2-8b8a-a35ccc1ab828,Kursi Ergonomis,product_1761539872611382200.jpg,100000,1,18320f6a-04fb-4189-9dbe-17d121c8f54b,2025-12-01 04:34:53.160119+00,nulla in,,,,,false
5c7dc551-08b1-4710-9d49-13bab28e1681,701f1e81-5292-41e1-a9de-7c5b956604b5,id deserunt pariatur veniam,ipsum non eiusmod,39779652.196061164,2,abe6f80e-6eaa-4b8f-9102-47dbd9886e78,2025-11-26 08:01:21.053125+00,nulla in,,,,,false
5d399351-15b7-409f-be63-cbd292c58b89,67c82fe7-2cfb-441e-944e-f388e34df263,Iman,product_1762395584167236200.jpg,200000,1,3a1e9d19-8c3c-4561-89ad-231bcb699386,2025-11-29 15:33:45.70048+00,nulla in,,,,,false
5df30ad3-ac5c-409e-9af5-03556a37c7da,661a9118-3110-4fb2-8b8a-a35ccc1ab828,Kursi Ergonomis,product_1761539872611382200.jpg,100000,1,967cbffa-ca54-4950-9f29-e4ba4994fc32,2025-12-01 06:33:08.195445+00,nulla in,,,,,false
64832aff-98e6-46a2-ba7e-a8dd389d020a,661a9118-3110-4fb2-8b8a-a35ccc1ab828,Kursi Ergonomis,product_1761539872611382200.jpg,100000,1,24f7bc87-0ff4-44db-bef7-693c2e93995b,2025-11-29 14:38:48.269861+00,nulla in,,,,,false
6e86549e-a3ea-4251-b28d-401c0a12d84e,67c82fe7-2cfb-441e-944e-f388e34df263,Iman,product_1762395584167236200.jpg,200000,34,805be28c-d38e-41e4-9343-23b6a721681e,2025-11-13 07:15:55.311068+00,nulla in,,,,,false
73fcdef7-098e-44c7-9118-ca401d6cd60b,701f1e81-5292-41e1-a9de-7c5b956604b5,id deserunt pariatur veniam,ipsum non eiusmod,39779652.196061164,2,ef8b1a76-dd3e-499f-904c-b27e8e86070d,2025-11-28 02:15:59.787293+00,nulla in,,,,,false
79b69968-ef6f-4736-aac8-5b22cdb0e83c,67c82fe7-2cfb-441e-944e-f388e34df263,Iman,product_1762395584167236200.jpg,200000,1,747785a3-c256-4849-a57e-394b42b6e7d3,2025-11-28 08:09:00.58308+00,nulla in,,,,,false
7b29d0a0-1fa6-4e53-b21c-b71a971da553,67c82fe7-2cfb-441e-944e-f388e34df263,Iman,product_1762395584167236200.jpg,200000,1,18320f6a-04fb-4189-9dbe-17d121c8f54b,2025-12-01 04:34:53.160119+00,nulla in,,,,,false
7ccfd79d-de3c-4d6b-a96d-a7953f3fd666,661a9118-3110-4fb2-8b8a-a35ccc1ab828,Kursi Ergonomis,product_1761539872611382200.jpg,100000,19,add1bd8b-d4b2-4074-b176-8b662d415151,2025-11-13 07:27:44.631732+00,nulla in,,,,,false
7d523381-4dd4-47fb-aa8e-2972d7bada3e,67c82fe7-2cfb-441e-944e-f388e34df263,Iman,product_1762395584167236200.jpg,200000,1,d0512a0d-7602-4cff-9ce5-46333d2fd508,2025-11-29 15:27:33.205811+00,nulla in,,,,,false
7f601c8e-30f7-4bb1-a0a9-a689cb546d47,fb147729-e3ca-48a5-899a-9fded7b2fa85,id deserunt pariatur veniam,ipsum non eiusmod,39779652.196061164,2,0cdf6b94-de79-4b02-a705-8c647e6d1f85,2025-11-26 08:01:03.256059+00,nulla in,,,,,false
7fa7aff2-02de-4f21-9b39-01b58ad1df31,67c82fe7-2cfb-441e-944e-f388e34df263,Iman,product_1762395584167236200.jpg,200000,3,bb2b55ad-4fc2-428c-ac07-900bab92ae75,2025-11-17 06:49:14.286471+00,nulla in,,,,,false
8bf8fc58-6c88-420d-8408-808ed79c9f57,67c82fe7-2cfb-441e-944e-f388e34df263,Iman,product_1762395584167236200.jpg,200000,1,b8d9d930-0a03-461d-90c0-3da561efc3d3,2025-12-01 06:33:48.415423+00,nulla in,,,,,false
91e5e976-18ac-4bbf-9ac8-33e171f1da40,67c82fe7-2cfb-441e-944e-f388e34df263,Iman,product_1762395584167236200.jpg,200000,1,bbe8c5da-a868-4bbd-ac1c-d57e6973715c,2025-11-29 14:37:18.32224+00,nulla in,,,,,false
94f09dfc-37b8-478e-bdad-25cfc8022fea,67c82fe7-2cfb-441e-944e-f388e34df263,Iman,product_1762395584167236200.jpg,200000,1,0c9e478c-8054-4ffc-88a2-38693b38c78e,2025-12-02 04:44:17.365285+00,nulla in,,,,,false
9ae9cf4f-5ec3-43aa-b97c-38d821946223,67c82fe7-2cfb-441e-944e-f388e34df263,Iman,product_1762395584167236200.jpg,200000,1,c6cf3384-e47a-4b15-9bcc-f308fdaafa5c,2025-12-01 03:46:07.000392+00,nulla in,,,,,false
9fd034bc-975f-4b6b-a33a-4afea6b7b495,67c82fe7-2cfb-441e-944e-f388e34df263,Iman,product_1762395584167236200.jpg,200000,34,24662462-08c0-407d-9e79-a1453d34a66b,2025-11-13 07:23:32.54714+00,nulla in,,,,,false
a127d648-e8e6-4e7c-b368-74ac88fca214,67c82fe7-2cfb-441e-944e-f388e34df263,Iman,product_1762395584167236200.jpg,200000,2,df958fc3-f720-413e-a235-a1f86c734535,2025-11-21 09:05:10.808132+00,nulla in,,,,,false
a1c5e0a5-bb69-464f-904e-dc6bd5c9a713,67c82fe7-2cfb-441e-944e-f388e34df263,Iman,product_1762395584167236200.jpg,200000,34,7c61d324-6b39-4839-87b0-9ce3630bd8ed,2025-11-13 07:08:03.363113+00,nulla in,,,,,false
a9c12943-9a6a-489a-a46a-b9864a8373c6,661a9118-3110-4fb2-8b8a-a35ccc1ab828,Kursi Ergonomis,product_1761539872611382200.jpg,100000,1,cc54bac1-11d2-4a2a-8662-429d010a7fc9,2025-11-18 03:56:20.059856+00,nulla in,,,,,false
b0cd3c84-37fd-45f4-ac72-b603a2061cf4,661a9118-3110-4fb2-8b8a-a35ccc1ab828,Kursi Ergonomis,product_1761539872611382200.jpg,100000,19,e2119a1f-b9ee-4261-9d4f-b5f8527fed8b,2025-11-16 14:37:28.533719+00,nulla in,,,,,false
b44b8a5f-d71c-4b90-b239-0e8559a9a1e9,67c82fe7-2cfb-441e-944e-f388e34df263,Iman,product_1762395584167236200.jpg,200000,3,d0eebd83-7eb1-4d2b-ab9b-bfac5faea6db,2025-11-18 04:12:13.423629+00,nulla in,,,,,false
b600eaca-d156-438c-a142-7c5e72d7262c,661a9118-3110-4fb2-8b8a-a35ccc1ab828,Kursi Ergonomis,product_1761539872611382200.jpg,100000,1,48d0075d-c4a6-4ac1-b70d-e656a78b1cbe,2025-11-18 04:04:59.62379+00,nulla in,,,,,false
b8c6a435-6fa8-4d0e-92b9-fa8d2fc1c5b8,67c82fe7-2cfb-441e-944e-f388e34df263,Iman,product_1762395584167236200.jpg,200000,2,a54c0029-ce46-4c2d-aadd-de7e5c63b142,2025-11-21 07:38:32.281358+00,nulla in,,,,,false
b9eea949-33a2-4fd3-a1e4-315de6fb78e4,67c82fe7-2cfb-441e-944e-f388e34df263,Iman,product_1762395584167236200.jpg,200000,3,05bb317c-3987-4eeb-a8c5-72fdf91a6cb3,2025-11-18 04:16:55.319727+00,nulla in,,,,,false
ba4f3319-16e0-40e3-80e9-93cbf7db33bb,661a9118-3110-4fb2-8b8a-a35ccc1ab828,Kursi Ergonomis,product_1761539872611382200.jpg,100000,1,31d1ae79-9242-4ad2-9030-4afdaf82b668,2025-11-29 15:22:32.197155+00,nulla in,,,,,false
bf0277e4-7baa-41d3-84a9-3d96d5eefef0,fb147729-e3ca-48a5-899a-9fded7b2fa85,id deserunt pariatur veniam,ipsum non eiusmod,39779652.196061164,2,0925e55b-1b90-4cb1-a05d-a2568753bafb,2025-11-26 08:00:55.541823+00,nulla in,,,,,false
c1436b8f-2a86-4735-8c8f-434761bf160a,67c82fe7-2cfb-441e-944e-f388e34df263,Iman,product_1762395584167236200.jpg,200000,34,03103a92-e2a0-4ce9-b422-e3aaa66aa418,2025-11-13 07:12:54.228045+00,nulla in,,,,,false
c4801c3b-6175-44cd-ad06-31340f496e4f,661a9118-3110-4fb2-8b8a-a35ccc1ab828,Kursi Ergonomis,product_1761539872611382200.jpg,100000,19,9f568b75-34b9-43ad-8eff-b3a35cd4c258,2025-11-16 14:45:44.616697+00,nulla in,,,,,false
c6c1d1fb-7f8c-4fc5-918c-3dd056c8c841,661a9118-3110-4fb2-8b8a-a35ccc1ab828,Kursi Ergonomis,product_1761539872611382200.jpg,100000,19,24662462-08c0-407d-9e79-a1453d34a66b,2025-11-13 07:23:32.54714+00,nulla in,,,,,false
d0c86c38-a8dc-45e2-9ee7-fba698ad233a,661a9118-3110-4fb2-8b8a-a35ccc1ab828,Kursi Ergonomis,product_1761539872611382200.jpg,100000,1,d0eebd83-7eb1-4d2b-ab9b-bfac5faea6db,2025-11-18 04:12:13.423629+00,nulla in,,,,,false
d0efb2e3-6c8d-4a5c-a370-4c7e3550663e,67c82fe7-2cfb-441e-944e-f388e34df263,Iman,product_1762395584167236200.jpg,200000,3,3e6948ea-31ab-4586-af7e-6a7e631dc06d,2025-11-18 04:10:37.396725+00,nulla in,,,,,false
d1f1aa3f-5653-4f07-a11d-7d859bc55171,67c82fe7-2cfb-441e-944e-f388e34df263,Iman,product_1762395584167236200.jpg,200000,1,b82e5672-c5e5-4eff-865c-5aa9894ed8e1,2025-11-29 14:46:23.254352+00,nulla in,,,,,false
d1f4affc-54f6-4e5a-9b65-7c7e1882cb20,661a9118-3110-4fb2-8b8a-a35ccc1ab828,Kursi Ergonomis,product_1761539872611382200.jpg,100000,19,805be28c-d38e-41e4-9343-23b6a721681e,2025-11-13 07:15:55.311068+00,nulla in,,,,,false
dabd63af-e292-4bc1-b91e-2a8af91baa4f,661a9118-3110-4fb2-8b8a-a35ccc1ab828,Kursi Ergonomis,product_1761539872611382200.jpg,100000,1,19fc04ae-826e-45f4-8fbc-5efcb45f9e0e,2025-12-01 03:31:25.887871+00,nulla in,,,,,false
e3e753dc-41e2-4b69-a072-d4c46980dac8,661a9118-3110-4fb2-8b8a-a35ccc1ab828,Kursi Ergonomis,product_1761539872611382200.jpg,100000,1,687723cc-4480-4504-906f-76b6d579908f,2025-11-28 08:12:08.914762+00,nulla in,,,,,false
e602ad68-95cf-4cbd-b49d-b96dccd110eb,661a9118-3110-4fb2-8b8a-a35ccc1ab828,Kursi Ergonomis,product_1761539872611382200.jpg,100000,19,69809c1c-e317-4dd7-bd01-2634a1d346cc,2025-11-16 14:36:53.803042+00,nulla in,,,,,false
e85d8649-9fd0-4088-bfce-0f7762dd15e6,661a9118-3110-4fb2-8b8a-a35ccc1ab828,Kursi Ergonomis,product_1761539872611382200.jpg,100000,1,d29073f6-63a7-4f85-85bf-97b3165cdbce,2025-11-18 06:24:05.389572+00,nulla in,,,,,false
ecbb9fb6-1f43-4841-8ba2-8b5f9945f800,661a9118-3110-4fb2-8b8a-a35ccc1ab828,Kursi Ergonomis,product_1761539872611382200.jpg,100000,1,7be642d0-b39e-4cf8-a23c-11b79f969626,2025-11-28 08:05:10.561252+00,nulla in,,,,,false
f7f6f0e4-da24-492a-a981-6281178e80ad,661a9118-3110-4fb2-8b8a-a35ccc1ab828,Kursi Ergonomis,product_1761539872611382200.jpg,100000,1,e1d31bc6-9fb1-4918-99d3-e0e6b96fc553,2025-11-18 06:49:10.380954+00,nulla in,,,,,false
f97965d8-9a48-4843-bfd6-b5dca87f992f,67c82fe7-2cfb-441e-944e-f388e34df263,Iman,product_1762395584167236200.jpg,200000,34,e2119a1f-b9ee-4261-9d4f-b5f8527fed8b,2025-11-16 14:37:28.533719+00,nulla in,,,,,false