id,number,user_id,order_status_code,user_full_name,address,phone_number,notes,total,expired_at,created_at,created_by,updated_at,updated_by,deleted_at,deleted_by,is_deleted,xendit_invoice_id,xendit_invoice_url,xendit_paid_at,xendit_payment_method,xendit_payment_channel
03103a92-e2a0-4ce9-b422-e3aaa66aa418,ORD-202500000001,dd60a8dc-2403-4c74-a68b-3958dccbb698,unpaid,nulla aute aliqua enim ut,nulla proident est commodo elit,Lorem elit fugiat labore Ut,laborum,8700000,2025-11-14 07:12:54.228045+00,2025-11-13 07:12:54.228045+00,nulla in,,,,,false,,,,,
05bb317c-3987-4eeb-a8c5-72fdf91a6cb3,ORD-202500000013,dd60a8dc-2403-4c74-a68b-3958dccbb698,done,"ridwan    ",bogor selatan,+62896949749,yang bagus,700000,2025-11-19 04:16:55.319727+00,2025-11-18 04:16:55.319727+00,nulla in,2025-11-26 07:45:57.778419+00,f8a93267-45cc-4750-bbb7-5cfdb00e6c8d,,,false,691bf33626d6bc3716511256,https://checkout-staging.xendit.co/web/691bf33626d6bc3716511256,2025-11-18 04:17:34.296593+00,QR_CODE,QRIS
0925e55b-1b90-4cb1-a05d-a2568753bafb,ORD-202500000019,dd60a8dc-2403-4c74-a68b-3958dccbb698,unpaid,Lorem eiusmod enim,adipisicing ut,tempor est,mollit in,79559304.39212233,2025-11-27 08:00:55.541823+00,2025-11-26 08:00:55.541823+00,nulla in,,,,,false,6926b3b7cd1cd15c100f5412,https://checkout-staging.xendit.co/web/6926b3b7cd1cd15c100f5412,,,
0c9e478c-8054-4ffc-88a2-38693b38c78e,ORD-202500000040,dd60a8dc-2403-4c74-a68b-3958dccbb698,done,Bruce Cruz,Nisi repellendus No,+1 (209) 382-9024,Dolore laborum asper,200000,2025-12-03 04:44:17.365285+00,2025-12-02 04:44:17.365285+00,nulla in,2025-12-02 04:50:23.963075+00,dd60a8dc-2403-4c74-a68b-3958dccbb698,,,false,692e6ea1c8c8cb47509a19a4,https://checkout-staging.xendit.co/web/692e6ea1c8c8cb47509a19a4,2025-12-02 04:46:53.723418+00,QR_CODE,QRIS
0cdf6b94-de79-4b02-a705-8c647e6d1f85,ORD-202500000020,dd60a8dc-2403-4c74-a68b-3958dccbb698,unpaid,Lorem eiusmod enim,adipisicing ut,tempor est,mollit in,79559304.39212233,2025-11-27 08:01:03.256059+00,2025-11-26 08:01:03.256059+00,nulla in,,,,,false,6926b3bf9101a99ffda12320,https://checkout-staging.xendit.co/web/6926b3bf9101a99ffda12320,,,
12ada5d3-c526-40f4-8d42-70db391c1bbd,ORD-202500000030,dd60a8dc-2403-4c74-a68b-3958dccbb698,unpaid,Shelly Emerson,"Et ducimus aliquip ",+1 (387) 232-9332,"Maiores id nostrum ",200000,2025-11-30 15:24:49.559031+00,2025-11-29 15:24:49.559031+00,nulla in,,,,,false,692b104093cb592c78a7abca,https://checkout-staging.xendit.co/web/692b104093cb592c78a7abca,,,
18320f6a-04fb-4189-9dbe-17d121c8f54b,ORD-202500000037,dd60a8dc-2403-4c74-a68b-3958dccbb698,done,Malachi Byers,Fugiat doloremque di,+1 (315) 121-2715,A enim minim aliquam,300000,2025-12-02 04:34:53.160119+00,2025-12-01 04:34:53.160119+00,nulla in,2025-12-02 04:42:55.877135+00,f8a93267-45cc-4750-bbb7-5cfdb00e6c8d,,,false,692d1aec93cb592c78a98cb3,https://checkout-staging.xendit.co/web/692d1aec93cb592c78a98cb3,2025-12-01 04:36:07.875362+00,QR_CODE,QRIS
19fc04ae-826e-45f4-8fbc-5efcb45f9e0e,ORD-202500000035,dd60a8dc-2403-4c74-a68b-3958dccbb698,paid,Renee Wilson,Veniam vel do ullam,+1 (223) 743-1182,"Sapiente commodi in ",100000,2025-12-02 03:31:25.887871+00,2025-12-01 03:31:25.887871+00,nulla in,2025-12-01 03:31:54.355329+00,System,,,false,692d0c0dc27659928626f4b5,https://checkout-staging.xendit.co/web/692d0c0dc27659928626f4b5,2025-12-01 03:31:54.355329+00,QR_CODE,QRIS
24662462-08c0-407d-9e79-a1453d34a66b,ORD-202500000003,dd60a8dc-2403-4c74-a68b-3958dccbb698,unpaid,nulla aute aliqua enim ut,nulla proident est commodo elit,Lorem elit fugiat labore Ut,laborum,8700000,2025-11-14 07:23:32.54714+00,2025-11-13 07:23:32.54714+00,nulla in,,,,,false,,,,,
24f7bc87-0ff4-44db-bef7-693c2e93995b,ORD-202500000027,dd60a8dc-2403-4c74-a68b-3958dccbb698,unpaid,Macaulay Ramos,"Non dolore nihil ea ",+1 (885) 849-1352,Nihil quia omnis ips,100000,2025-11-30 14:38:48.269861+00,2025-11-29 14:38:48.269861+00,nulla in,,,,,false,692b057693cb592c78a7a222,https://checkout-staging.xendit.co/web/692b057693cb592c78a7a222,,,
31d1ae79-9242-4ad2-9030-4afdaf82b668,ORD-202500000029,dd60a8dc-2403-4c74-a68b-3958dccbb698,unpaid,Jameson Fitzgerald,Optio at exercitati,+1 (969) 693-8775,"Inventore quis sunt ",100000,2025-11-30 15:22:32.197155+00,2025-11-29 15:22:32.197155+00,nulla in,,,,,false,692b0fb793cb592c78a7ab52,https://checkout-staging.xendit.co/web/692b0fb793cb592c78a7ab52,,,
3a1e9d19-8c3c-4561-89ad-231bcb699386,ORD-202500000032,dd60a8dc-2403-4c74-a68b-3958dccbb698,paid,Aurelia Wilder,Rerum tempore paria,+1 (801) 752-5704,Omnis totam ea cillu,200000,2025-11-30 15:33:45.70048+00,2025-11-29 15:33:45.70048+00,nulla in,2025-11-29 15:34:07.447815+00,System,,,false,692b125893cb592c78a7aebc,https://checkout-staging.xendit.co/web/692b125893cb592c78a7aebc,2025-11-29 15:34:07.447815+00,QR_CODE,QRIS
3e6948ea-31ab-4586-af7e-6a7e631dc06d,ORD-202500000011,dd60a8dc-2403-4c74-a68b-3958dccbb698,unpaid,"ridwan    ",bogor selatan,+62896949749,yang bagus,700000,2025-11-19 04:10:37.396725+00,2025-11-18 04:10:37.396725+00,nulla in,,,,,false,691bf1bc1500eeb28fff0bb7,https://checkout-staging.xendit.co/web/691bf1bc1500eeb28fff0bb7,,,
48d0075d-c4a6-4ac1-b70d-e656a78b1cbe,ORD-202500000010,dd60a8dc-2403-4c74-a68b-3958dccbb698,unpaid,"ridwan    ",bogor selatan,+62896949749,yang bagus,700000,2025-11-19 04:04:59.62379+00,2025-11-18 04:04:59.62379+00,nulla in,,,,,false,691bf06b26d6bc3716510e54,https://checkout-staging.xendit.co/web/691bf06b26d6bc3716510e54,,,
687723cc-4480-4504-906f-76b6d579908f,ORD-202500000025,dd60a8dc-2403-4c74-a68b-3958dccbb698,unpaid,Ira Shepard,Cum quidem repudiand,+1 (117) 769-3754,Enim autem beatae co,100000,2025-11-29 08:12:08.914762+00,2025-11-28 08:12:08.914762+00,nulla in,,,,,false,692959599101a99ffda5a1e7,https://checkout-staging.xendit.co/web/692959599101a99ffda5a1e7,,,
69809c1c-e317-4dd7-bd01-2634a1d346cc,ORD-202500000005,dd60a8dc-2403-4c74-a68b-3958dccbb698,unpaid,"ridwan    ",bogor,+62896949749,yang bagus,8700000,2025-11-17 14:36:53.803042+00,2025-11-16 14:36:53.803042+00,nulla in,,,,,false,,,,,
747785a3-c256-4849-a57e-394b42b6e7d3,ORD-202500000024,dd60a8dc-2403-4c74-a68b-3958dccbb698,unpaid,Taylor Ray,Ea et delectus recu,+1 (374) 144-8094,Saepe accusantium op,200000,2025-11-29 08:09:00.58308+00,2025-11-28 08:09:00.58308+00,nulla in,,,,,false,6929589c93cb592c78a60220,https://checkout-staging.xendit.co/web/6929589c93cb592c78a60220,,,
7be642d0-b39e-4cf8-a23c-11b79f969626,ORD-202500000023,dd60a8dc-2403-4c74-a68b-3958dccbb698,unpaid,Idona Hensley,Quo exercitationem u,+1 (173) 338-8303,Qui in cillum aut vo,100000,2025-11-29 08:05:10.561252+00,2025-11-28 08:05:10.561252+00,nulla in,,,,,false,692957b69101a99ffda59e95,https://checkout-staging.xendit.co/web/692957b69101a99ffda59e95,,,
7c61d324-6b39-4839-87b0-9ce3630bd8ed,ORD-202500000001,dd60a8dc-2403-4c74-a68b-3958dccbb698,unpaid,nulla aute aliqua enim ut,nulla proident est commodo elit,Lorem elit fugiat labore Ut,laborum,8700000,2025-11-14 07:08:03.363113+00,2025-11-13 07:08:03.363113+00,nulla in,,,,,false,,,,,
805be28c-d38e-41e4-9343-23b6a721681e,ORD-202500000002,dd60a8dc-2403-4c74-a68b-3958dccbb698,unpaid,nulla aute aliqua enim ut,nulla proident est commodo elit,Lorem elit fugiat labore Ut,laborum,8700000,2025-11-14 07:15:55.311068+00,2025-11-13 07:15:55.311068+00,nulla in,,,,,false,,,,,
967cbffa-ca54-4950-9f29-e4ba4994fc32,ORD-202500000038,dd60a8dc-2403-4c74-a68b-3958dccbb698,canceled,Hamilton Bennett,Qui beatae qui et qu,+1 (532) 186-4023,Minus saepe voluptat,100000,2025-12-02 06:33:08.195445+00,2025-12-01 06:33:08.195445+00,nulla in,2025-12-01 06:33:21.851893+00,dd60a8dc-2403-4c74-a68b-3958dccbb698,,,false,692d36a393cb592c78a9a48a,https://checkout-staging.xendit.co/web/692d36a393cb592c78a9a48a,,,
982a0bda-1f6d-4cb5-b6ce-788052e950ce,ORD-202500000034,dd60a8dc-2403-4c74-a68b-3958dccbb698,canceled,Aaron Bright,Modi deserunt nostru,+1 (371) 909-7285,Ipsa aut ea quia qu,100000,2025-12-01 06:57:07.835815+00,2025-11-30 06:57:07.835815+00,nulla in,2025-12-01 06:26:25.02099+00,dd60a8dc-2403-4c74-a68b-3958dccbb698,,,false,692beac293cb592c78a87ad6,https://checkout-staging.xendit.co/web/692beac293cb592c78a87ad6,,,
9f568b75-34b9-43ad-8eff-b3a35cd4c258,ORD-202500000007,dd60a8dc-2403-4c74-a68b-3958dccbb698,unpaid,"ridwan    ",bogor,+62896949749,yang bagus,8700000,2025-11-17 14:45:44.616697+00,2025-11-16 14:45:44.616697+00,nulla in,,,,,false,,,,,
a54c0029-ce46-4c2d-aadd-de7e5c63b142,ORD-202500000016,dd60a8dc-2403-4c74-a68b-3958dccbb698,unpaid,Lorem eiusmod enim,adipisicing ut,tempor est,mollit in,400000,2025-11-22 07:38:32.281358+00,2025-11-21 07:38:32.281358+00,nulla in,,,,,false,692016f70c4da95c9c58ba37,https://checkout-staging.xendit.co/web/692016f70c4da95c9c58ba37,,,
abe6f80e-6eaa-4b8f-9102-47dbd9886e78,ORD-202500000021,dd60a8dc-2403-4c74-a68b-3958dccbb698,unpaid,Lorem eiusmod enim,adipisicing ut,tempor est,mollit in,79559304.39212233,2025-11-27 08:01:21.053125+00,2025-11-26 08:01:21.053125+00,nulla in,,,,,false,6926b3d1cd1cd15c100f545d,https://checkout-staging.xendit.co/web/6926b3d1cd1cd15c100f545d,,,
add1bd8b-d4b2-4074-b176-8b662d415151,ORD-202500000004,dd60a8dc-2403-4c74-a68b-3958dccbb698,unpaid,"ridwan    ",bogor,+62896949749,yang bagus,8700000,2025-11-14 07:27:44.631732+00,2025-11-13 07:27:44.631732+00,nulla in,,,,,false,,,,,
b82e5672-c5e5-4eff-865c-5aa9894ed8e1,ORD-202500000028,dd60a8dc-2403-4c74-a68b-3958dccbb698,unpaid,Aurelia Frank,Anim cillum similiqu,+1 (854) 358-5048,"Voluptate sed sint ",200000,2025-11-30 14:46:23.254352+00,2025-11-29 14:46:23.254352+00,nulla in,,,,,false,692b073d93cb592c78a7a34a,https://checkout-staging.xendit.co/web/692b073d93cb592c78a7a34a,,,
b8d9d930-0a03-461d-90c0-3da561efc3d3,ORD-202500000039,dd60a8dc-2403-4c74-a68b-3958dccbb698,paid,Casey Park,Nostrum veniam quam,+1 (906) 652-9408,Quis quo laborum Vo,200000,2025-12-02 06:33:48.415423+00,2025-12-01 06:33:48.415423+00,nulla in,2025-12-01 06:34:07.921729+00,System,,,false,692d36cbc27659928627203c,https://checkout-staging.xendit.co/web/692d36cbc27659928627203c,2025-12-01 06:34:07.921729+00,QR_CODE,QRIS
bb2b55ad-4fc2-428c-ac07-900bab92ae75,ORD-202500000008,dd60a8dc-2403-4c74-a68b-3958dccbb698,unpaid,"ridwan    ",bogor,+62896949749,yang bagus,700000,2025-11-18 06:49:14.286471+00,2025-11-17 06:49:14.286471+00,nulla in,,,,,false,691ac56a26d6bc37164f628b,https://checkout-staging.xendit.co/web/691ac56a26d6bc37164f628b,,,
bbe8c5da-a868-4bbd-ac1c-d57e6973715c,ORD-202500000026,dd60a8dc-2403-4c74-a68b-3958dccbb698,unpaid,Abra Romero,Deleniti voluptatem,+1 (693) 299-9009,Exercitation volupta,200000,2025-11-30 14:37:18.32224+00,2025-11-29 14:37:18.32224+00,nulla in,,,,,false,692b051db22799b020604dc9,https://checkout-staging.xendit.co/web/692b051db22799b020604dc9,,,
c6cf3384-e47a-4b15-9bcc-f308fdaafa5c,ORD-202500000036,dd60a8dc-2403-4c74-a68b-3958dccbb698,paid,Willow Wooten,Et voluptatum possim,+1 (406) 695-4232,Nihil tempore simil,200000,2025-12-02 03:46:07.000392+00,2025-12-01 03:46:07.000392+00,nulla in,2025-12-01 03:46:36.17965+00,System,,,false,692d0f7ec27659928626f80d,https://checkout-staging.xendit.co/web/692d0f7ec27659928626f80d,2025-12-01 03:46:36.17965+00,QR_CODE,QRIS
cc54bac1-11d2-4a2a-8662-429d010a7fc9,ORD-202500000009,dd60a8dc-2403-4c74-a68b-3958dccbb698,unpaid,"ridwan    ",bogor selatan,+62896949749,yang bagus,700000,2025-11-19 03:56:20.059856+00,2025-11-18 03:56:20.059856+00,nulla in,,,,,false,691bee6326d6bc3716510b4f,https://checkout-staging.xendit.co/web/691bee6326d6bc3716510b4f,,,
d0512a0d-7602-4cff-9ce5-46333d2fd508,ORD-202500000031,dd60a8dc-2403-4c74-a68b-3958dccbb698,paid,Joelle Graves,Aut cumque ex ut quo,+1 (895) 824-8175,Esse velit proident,200000,2025-11-30 15:27:33.205811+00,2025-11-29 15:27:33.205811+00,nulla in,2025-11-29 15:29:28.581624+00,System,,,false,692b10e393cb592c78a7ac94,https://checkout-staging.xendit.co/web/692b10e393cb592c78a7ac94,2025-11-29 15:29:28.581624+00,QR_CODE,QRIS
d0eebd83-7eb1-4d2b-ab9b-bfac5faea6db,ORD-202500000012,dd60a8dc-2403-4c74-a68b-3958dccbb698,unpaid,"ridwan    ",bogor selatan,+62896949749,yang bagus,700000,2025-11-19 04:12:13.423629+00,2025-11-18 04:12:13.423629+00,nulla in,,,,,false,691bf21c1500eeb28fff0c4c,https://checkout-staging.xendit.co/web/691bf21c1500eeb28fff0c4c,,,
d29073f6-63a7-4f85-85bf-97b3165cdbce,ORD-202500000014,dd60a8dc-2403-4c74-a68b-3958dccbb698,paid,"ridwan    ",bogor selatan,+62896949749,yang bagus,700000,2025-11-19 06:24:05.389572+00,2025-11-18 06:24:05.389572+00,nulla in,2025-11-18 06:26:26.42065+00,System,,,false,691c1105e4f930e6f410bd0c,https://checkout-staging.xendit.co/web/691c1105e4f930e6f410bd0c,2025-11-18 06:26:26.42065+00,QR_CODE,QRIS
d4fbfaf5-14e9-475e-80fe-b53f60332229,ORD-202500000018,dd60a8dc-2403-4c74-a68b-3958dccbb698,canceled,Lorem eiusmod enim,adipisicing ut,tempor est,mollit in,400000,2025-11-27 07:47:10.784935+00,2025-11-26 07:47:10.784935+00,nulla in,2025-11-26 07:48:30.69537+00,dd60a8dc-2403-4c74-a68b-3958dccbb698,,,false,6926b07f9101a99ffda11bc8,https://checkout-staging.xendit.co/web/6926b07f9101a99ffda11bc8,,,
df958fc3-f720-413e-a235-a1f86c734535,ORD-202500000017,034b1e0b-74f2-44a0-a04f-709ceb6c75be,unpaid,Lorem eiusmod enim,adipisicing ut,tempor est,mollit in,400000,2025-11-22 09:05:10.808132+00,2025-11-21 09:05:10.808132+00,nulla in,,,,,false,69202b46dff8e321b30a1122,https://checkout-staging.xendit.co/web/69202b46dff8e321b30a1122,,,
e1d31bc6-9fb1-4918-99d3-e0e6b96fc553,ORD-202500000015,dd60a8dc-2403-4c74-a68b-3958dccbb698,paid,"ridwan    ",bogor selatan,+62896949749,yang bagus,700000,2025-11-19 06:49:10.380954+00,2025-11-18 06:49:10.380954+00,nulla in,2025-11-18 06:50:52.655612+00,System,,,false,691c16e6e4f930e6f410c64a,https://checkout-staging.xendit.co/web/691c16e6e4f930e6f410c64a,2025-11-18 06:50:52.655612+00,QR_CODE,QRIS
e2119a1f-b9ee-4261-9d4f-b5f8527fed8b,ORD-202500000006,dd60a8dc-2403-4c74-a68b-3958dccbb698,unpaid,"ridwan    ",bogor,+62896949749,yang bagus,8700000,2025-11-17 14:37:28.533719+00,2025-11-16 14:37:28.533719+00,nulla in,,,,,false,,,,,
e6727604-6e03-43af-8524-7bb7b1598561,ORD-202500000033,dd60a8dc-2403-4c74-a68b-3958dccbb698,unpaid,Michelle Hamilton,"Ut facilis ut nulla ",+1 (306) 498-6968,Dolor commodi libero,100000,2025-12-01 06:56:15.045005+00,2025-11-30 06:56:15.045005+00,nulla in,,,,,false,692bea8da6e5f2d968307b4c,https://checkout-staging.xendit.co/web/692bea8da6e5f2d968307b4c,,,
ef8b1a76-dd3e-499f-904c-b27e8e86070d,ORD-202500000022,dd60a8dc-2403-4c74-a68b-3958dccbb698,unpaid,Lorem eiusmod enim,adipisicing ut,tempor est,mollit in,79559304.39212233,2025-11-29 02:15:59.787293+00,2025-11-28 02:15:59.787293+00,nulla in,,,,,false,692905de93cb592c78a582fa,https://checkout-staging.xendit.co/web/692905de93cb592c78a582fa,,,