id,name,price,description,image_file_name,created_at,created_by,updated_at,updated_by,deleted_at,deleted_by,is_deleted
2baa68de-c0f6-4979-bdd6-bc176e8ad32e,Jermaine Bates,280,Perferendis molestia,product_1762159835600949300.png,2025-11-03 08:50:35.661458+00,admin,0001-01-01 00:00:00+00,,2025-11-05 01:23:37.102502+00,admin,true
61404e3f-7ff6-4113-ad5e-9e3fd7500f7f,id deserunt pariatur veniam,39779652.196061164,et dolor,ipsum non eiusmod,2025-10-17 20:57:07.930996+00,admin,0001-01-01 00:00:00+00,,0001-01-01 00:00:00+00,,false
661a9118-3110-4fb2-8b8a-a35ccc1ab828,Kursi Ergonomis,100000,Kursi Ergonomis,product_1761539872611382200.jpg,2025-10-27 04:39:12.106654+00,admin,0001-01-01 00:00:00+00,,0001-01-01 00:00:00+00,,false
67c82fe7-2cfb-441e-944e-f388e34df263,Iman,200000,Kursi Nordiks,product_1762395584167236200.jpg,2025-10-27 04:39:50.160494+00,admin,2025-11-06 06:26:02.427214+00,admin,0001-01-01 00:00:00+00,,false
701f1e81-5292-41e1-a9de-7c5b956604b5,id deserunt pariatur veniam,39779652.196061164,et dolor,ipsum non eiusmod,2025-10-17 21:04:02.600066+00,admin,0001-01-01 00:00:00+00,,0001-01-01 00:00:00+00,,false
72d7b593-30df-425e-ada6-2f212170cd0c,Clayton Baker,1188,Iusto autem saepe di,product_1762160692606810800.jpg,2025-11-03 09:04:52.621754+00,admin,0001-01-01 00:00:00+00,,2025-11-05 01:20:04.361786+00,admin,true
9509aa25-a2b1-49f5-a469-dbbdfc10c507,id deserunt pariatur veniam,39779652.196061164,et dolor,ipsum non eiusmod,2025-10-17 20:55:28.730994+00,admin,0001-01-01 00:00:00+00,,0001-01-01 00:00:00+00,,false
ab69ce60-061d-4159-b098-282eacdcb51f,Kursi Roda,100000,Kursi Roda Murah,product_1763350651760513200.jpg,2025-11-17 03:40:18.350271+00,admin,0001-01-01 00:00:00+00,,2025-11-17 03:41:17.436852+00,admin,true
e86dc8d3-9ec7-46e8-854d-d7b0512d9163,incididunt dolore,91113426.25766103,mollit sed,deserunt id amet proident consectetur,2025-10-17 20:48:14.473308+00,admin,0001-01-01 00:00:00+00,,0001-01-01 00:00:00+00,,false
ec03a2a2-8306-477e-bd8e-a1f1393098bb,ut,100,sit,product_1761536024524217700.jpg,2025-10-21 04:45:38.222299+00,admin,2025-10-27 03:38:01.483305+00,admin,2025-10-27 04:08:12.563168+00,admin,true
fb147729-e3ca-48a5-899a-9fded7b2fa85,id deserunt pariatur veniam,39779652.196061164,et dolor,ipsum non eiusmod,2025-10-17 21:02:45.253334+00,nulla in,0001-01-01 00:00:00+00,,0001-01-01 00:00:00+00,,false