id,full_name,email,password,role_code,created_at,created_by,updated_at,updated_by,deleted_at,deleted_by,is_deleted
034b1e0b-74f2-44a0-a04f-709ceb6c75be,nulla in,ab@gmail.com,$2a$10$2U2mNEPgRrfUeBi3RZKEquWQ6DNFVXucjpdmSIe7jUIgsfLYXC/oO,customer,2025-11-21 09:04:02.354624+00,nulla in,0001-01-01 00:00:00+00,,0001-01-01 00:00:00+00,,false
ada7d203-2a35-4b77-bd77-65f7f7fa5047,abdurrahamanausi,abdurrahamanausi@gmail.com,$2a$10$iJjkPxrZLm9GTfdkoIE8HO3Fjxh7pAy57pgAbMxgjWL/xYbgUbNAa,customer,2025-10-06 07:34:53.592587+00,abdurrahamanausi,0001-01-01 00:00:00+00,,0001-01-01 00:00:00+00,,false
d736dccb-f5cf-48af-84f3-f9fe5a1bd68a,Budi,budi@gmail.com,$2a$10$hSxSOzQYVHTk1FBmPDUT5O7A1qtpRFHDmasAKy2D4L0MnCNChvD0G,customer,2025-09-12 15:46:17.73803+00,Budi,0001-01-01 00:00:00+00,,0001-01-01 00:00:00+00,,false
dd60a8dc-2403-4c74-a68b-3958dccbb698,nulla in,aa@gmail.com,$2a$10$Bb0jln5.atq4Ae31N8Wnl.RMh2WohL.n2oEKERs38s7i3EjEkjNMa,customer,2025-09-03 13:04:09.801662+00,nulla in,2025-09-16 02:49:40.270567+00,nulla in,0001-01-01 00:00:00+00,,false
f8a93267-45cc-4750-bbb7-5cfdb00e6c8d,admin,admin@gmail.com,$2a$10$Bb0jln5.atq4Ae31N8Wnl.RMh2WohL.n2oEKERs38s7i3EjEkjNMa,admin,2025-09-26 04:30:03+00,,2025-10-06 07:48:23.602399+00,admin,,,false
fdf3b28f-283c-4202-b85a-653deb6f7853,abdurrahaman,abdurrahaman@gmail.com,$2a$10$qGAmfF5dH4u3wH7qsMQS6Od0JSHZLOJKiBqPv3GnkTxf.hVXQ7uJi,customer,2025-10-01 07:25:54.301992+00,abdurrahaman,2025-10-02 09:05:38.44203+00,abdurrahaman,0001-01-01 00:00:00+00,,false